{"lolicon":{"key":{"remoteJid":"6282210819939@s.whatsapp.net","fromMe":false,"id":"9F3541C264873FF8868DFA3F26DE2AF7"},"message":{"stickerMessage":{"url":"https://mmg.whatsapp.net/v/t62.15575-24/29953694_716676900178579_7746585815597555772_n.enc?ccb=11-4&oh=01_AdR5bzHtUGXNcK7AN7dvqhqkkNjy3LDGf4UANwEveLQzqQ&oe=6431C076&mms3=true","fileSha256":"nz2GpOJjJfIjjZbzFH2AxlqwI1Fh2lEPE6iWZEQDs/g=","fileEncSha256":"t1Xp3pUhJWpJPtQ+DQ8WnmIlIm6b19B0+7mAAhRHSr8=","mediaKey":"JSnaJE3YBx48al1dvxMUh9lyVgV3vhjxuszx8GO6MBk=","mimetype":"image/webp","height":512,"width":512,"directPath":"/v/t62.15575-24/29953694_716676900178579_7746585815597555772_n.enc?ccb=11-4&oh=01_AdR5bzHtUGXNcK7AN7dvqhqkkNjy3LDGf4UANwEveLQzqQ&oe=6431C076","fileLength":"42888","mediaKeyTimestamp":"1678396905","isAnimated":false,"stickerSentTs":"1678396904906","isAvatar":false}}},"pedo":{"key":{"remoteJid":"6282210819939@s.whatsapp.net","fromMe":false,"id":"9F3541C264873FF8868DFA3F26DE2AF7"},"message":{"stickerMessage":{"url":"https://mmg.whatsapp.net/v/t62.15575-24/29953694_716676900178579_7746585815597555772_n.enc?ccb=11-4&oh=01_AdR5bzHtUGXNcK7AN7dvqhqkkNjy3LDGf4UANwEveLQzqQ&oe=6431C076&mms3=true","fileSha256":"nz2GpOJjJfIjjZbzFH2AxlqwI1Fh2lEPE6iWZEQDs/g=","fileEncSha256":"t1Xp3pUhJWpJPtQ+DQ8WnmIlIm6b19B0+7mAAhRHSr8=","mediaKey":"JSnaJE3YBx48al1dvxMUh9lyVgV3vhjxuszx8GO6MBk=","mimetype":"image/webp","height":512,"width":512,"directPath":"/v/t62.15575-24/29953694_716676900178579_7746585815597555772_n.enc?ccb=11-4&oh=01_AdR5bzHtUGXNcK7AN7dvqhqkkNjy3LDGf4UANwEveLQzqQ&oe=6431C076","fileLength":"42888","mediaKeyTimestamp":"1678396905","isAnimated":false,"stickerSentTs":"1678396904906","isAvatar":false}}},"fak":{"key":{"remoteJid":"6282210819939@s.whatsapp.net","fromMe":false,"id":"10D7CF3C1F10B21BD840BB9C9B527B20"},"message":{"stickerMessage":{"url":"https://mmg.whatsapp.net/v/t62.15575-24/29707622_3444691505781023_702971561919625887_n.enc?ccb=11-4&oh=01_AdQdGHijajlga1IesM9y7G5L0xr0gMfRivHEXOB7p2xNrQ&oe=6431B646&mms3=true","fileSha256":"Z6HveSeQErDt8Adq8s1rUdJQLo0uz/0+4+eieeIqAx4=","fileEncSha256":"APTrdGv+0Mc0jpwLgtja0a4GV1PUEN+fRHF2JEsrOTQ=","mediaKey":"NUqQZHqEgxv0/vvg/AaL7pxqD2Ff4qk4+mFggvu9rhk=","mimetype":"image/webp","height":512,"width":512,"directPath":"/v/t62.15575-24/29707622_3444691505781023_702971561919625887_n.enc?ccb=11-4&oh=01_AdQdGHijajlga1IesM9y7G5L0xr0gMfRivHEXOB7p2xNrQ&oe=6431B646","fileLength":"100782","mediaKeyTimestamp":"1678396912","isAnimated":false,"stickerSentTs":"1678396912446","isAvatar":false}}},"fakk":{"key":{"remoteJid":"6282210819939@s.whatsapp.net","fromMe":false,"id":"E4B35153C3DBB0F4EB320066E98B76F9"},"message":{"stickerMessage":{"url":"https://mmg.whatsapp.net/v/t62.15575-24/31273427_5974172989342630_1141782082549694945_n.enc?ccb=11-4&oh=01_AdQNfgl5epbUP6lEiQSq9v6Btv5gsEo7v7E1M3J3kZDxSA&oe=6431AFDB&mms3=true","fileSha256":"dTh8blY+ShrYKZBGtDxYCp9p4IrmGZWgfpd9+8e1nZ8=","fileEncSha256":"IyabCg2IIblwJqIiDe4pWX1/N3H6N/ILYW/ATqRQDlE=","mediaKey":"9xY6iL5Liq65EqbxffgVzOFXe1X/zeoXOtIrBhaBxl4=","mimetype":"image/webp","height":64,"width":64,"directPath":"/v/t62.15575-24/31273427_5974172989342630_1141782082549694945_n.enc?ccb=11-4&oh=01_AdQNfgl5epbUP6lEiQSq9v6Btv5gsEo7v7E1M3J3kZDxSA&oe=6431AFDB","fileLength":"9924","mediaKeyTimestamp":"1678396913","isAnimated":false,"stickerSentTs":"1678396913465","isAvatar":false}}},"hi":{"key":{"remoteJid":"6282210819939@s.whatsapp.net","fromMe":false,"id":"E5AC5A532632470A82AC757BD45582EE"},"message":{"stickerMessage":{"url":"https://mmg.whatsapp.net/v/t62.15575-24/34535085_217557364147753_5850555628534178273_n.enc?ccb=11-4&oh=01_AdSFpDbaYOt3PH0BILu8zyzUlOvhpDEsp9uDBsu7dDfb4A&oe=6431CF57&mms3=true","fileSha256":"naIMbeuvWGlq5sIm85oLtblYio8j1gFrYNN8m3nDX+8=","fileEncSha256":"2pMlsIFDjMGQcz5DfsGhUDcEpOQjXtXV3nF4OoM0vZ8=","mediaKey":"bmbeBNAG2JlTmoSc8h3sheBKZFg8ew+cwBnGhR6tXzQ=","mimetype":"image/webp","height":512,"width":512,"directPath":"/v/t62.15575-24/34535085_217557364147753_5850555628534178273_n.enc?ccb=11-4&oh=01_AdSFpDbaYOt3PH0BILu8zyzUlOvhpDEsp9uDBsu7dDfb4A&oe=6431CF57","fileLength":"26340","mediaKeyTimestamp":"1678396915","isAnimated":false,"stickerSentTs":"1678396915417","isAvatar":false}}},"hai":{"key":{"remoteJid":"6282210819939@s.whatsapp.net","fromMe":false,"id":"E5AC5A532632470A82AC757BD45582EE"},"message":{"stickerMessage":{"url":"https://mmg.whatsapp.net/v/t62.15575-24/34535085_217557364147753_5850555628534178273_n.enc?ccb=11-4&oh=01_AdSFpDbaYOt3PH0BILu8zyzUlOvhpDEsp9uDBsu7dDfb4A&oe=6431CF57&mms3=true","fileSha256":"naIMbeuvWGlq5sIm85oLtblYio8j1gFrYNN8m3nDX+8=","fileEncSha256":"2pMlsIFDjMGQcz5DfsGhUDcEpOQjXtXV3nF4OoM0vZ8=","mediaKey":"bmbeBNAG2JlTmoSc8h3sheBKZFg8ew+cwBnGhR6tXzQ=","mimetype":"image/webp","height":512,"width":512,"directPath":"/v/t62.15575-24/34535085_217557364147753_5850555628534178273_n.enc?ccb=11-4&oh=01_AdSFpDbaYOt3PH0BILu8zyzUlOvhpDEsp9uDBsu7dDfb4A&oe=6431CF57","fileLength":"26340","mediaKeyTimestamp":"1678396915","isAnimated":false,"stickerSentTs":"1678396915417","isAvatar":false}}},"hay":{"key":{"remoteJid":"6282210819939@s.whatsapp.net","fromMe":false,"id":"E5AC5A532632470A82AC757BD45582EE"},"message":{"stickerMessage":{"url":"https://mmg.whatsapp.net/v/t62.15575-24/34535085_217557364147753_5850555628534178273_n.enc?ccb=11-4&oh=01_AdSFpDbaYOt3PH0BILu8zyzUlOvhpDEsp9uDBsu7dDfb4A&oe=6431CF57&mms3=true","fileSha256":"naIMbeuvWGlq5sIm85oLtblYio8j1gFrYNN8m3nDX+8=","fileEncSha256":"2pMlsIFDjMGQcz5DfsGhUDcEpOQjXtXV3nF4OoM0vZ8=","mediaKey":"bmbeBNAG2JlTmoSc8h3sheBKZFg8ew+cwBnGhR6tXzQ=","mimetype":"image/webp","height":512,"width":512,"directPath":"/v/t62.15575-24/34535085_217557364147753_5850555628534178273_n.enc?ccb=11-4&oh=01_AdSFpDbaYOt3PH0BILu8zyzUlOvhpDEsp9uDBsu7dDfb4A&oe=6431CF57","fileLength":"26340","mediaKeyTimestamp":"1678396915","isAnimated":false,"stickerSentTs":"1678396915417","isAvatar":false}}},"bener":{"key":{"remoteJid":"6282210819939@s.whatsapp.net","fromMe":false,"id":"48410E490970EC039ABDCEC0406C6FE9"},"message":{"stickerMessage":{"url":"https://mmg.whatsapp.net/v/t62.15575-24/35085661_734824174682814_5635780528086326564_n.enc?ccb=11-4&oh=01_AdTxjSCTzpZYnpFvWZPpnKE5niBBbMquYTxj1hexw1xPXw&oe=6431C8C7&mms3=true","fileSha256":"3q/n0Ziur5PWTknVtpiHOQnCZVFqm/okKemYvPBZzYo=","fileEncSha256":"egGxfBY3m7CJrxinnqlbWL1UadZKhaUd6rOskiXj8AQ=","mediaKey":"1XW9TVFvDL8OAJd9Jh/4ssPooK7SCQUOn8DejJd2tac=","mimetype":"image/webp","height":512,"width":512,"directPath":"/v/t62.15575-24/35085661_734824174682814_5635780528086326564_n.enc?ccb=11-4&oh=01_AdTxjSCTzpZYnpFvWZPpnKE5niBBbMquYTxj1hexw1xPXw&oe=6431C8C7","fileLength":"11670","mediaKeyTimestamp":"1678363110","isAnimated":false,"stickerSentTs":"1678396916512","isAvatar":false}}},"bener sih":{"key":{"remoteJid":"6282210819939@s.whatsapp.net","fromMe":false,"id":"48410E490970EC039ABDCEC0406C6FE9"},"message":{"stickerMessage":{"url":"https://mmg.whatsapp.net/v/t62.15575-24/35085661_734824174682814_5635780528086326564_n.enc?ccb=11-4&oh=01_AdTxjSCTzpZYnpFvWZPpnKE5niBBbMquYTxj1hexw1xPXw&oe=6431C8C7&mms3=true","fileSha256":"3q/n0Ziur5PWTknVtpiHOQnCZVFqm/okKemYvPBZzYo=","fileEncSha256":"egGxfBY3m7CJrxinnqlbWL1UadZKhaUd6rOskiXj8AQ=","mediaKey":"1XW9TVFvDL8OAJd9Jh/4ssPooK7SCQUOn8DejJd2tac=","mimetype":"image/webp","height":512,"width":512,"directPath":"/v/t62.15575-24/35085661_734824174682814_5635780528086326564_n.enc?ccb=11-4&oh=01_AdTxjSCTzpZYnpFvWZPpnKE5niBBbMquYTxj1hexw1xPXw&oe=6431C8C7","fileLength":"11670","mediaKeyTimestamp":"1678363110","isAnimated":false,"stickerSentTs":"1678396916512","isAvatar":false}}},"bang":{"key":{"remoteJid":"6282210819939@s.whatsapp.net","fromMe":false,"id":"6BE90281CA807DB4B6DB174BE766CBBE"},"message":{"stickerMessage":{"url":"https://mmg.whatsapp.net/v/t62.15575-24/11729124_537997921737312_1840823018575423959_n.enc?ccb=11-4&oh=01_AdQLpgAF7ibs7JwdIMAntQOjfqfPbv6c-UdjtVciOGbZ7Q&oe=6431B942&mms3=true","fileSha256":"dUDQZ60GAJm1Z/IUvsmM2zs9ncRHwu1BNjBsSTw0t5k=","fileEncSha256":"axPGsEYMfh6tUjVXddj6WmeC1r5yYCi0w10HVt4VU+Q=","mediaKey":"Eu/d2TgHYBWa33Of9A4O3rn7t0NeVkZ3uuWJgTSLBGA=","mimetype":"image/webp","height":512,"width":512,"directPath":"/v/t62.15575-24/11729124_537997921737312_1840823018575423959_n.enc?ccb=11-4&oh=01_AdQLpgAF7ibs7JwdIMAntQOjfqfPbv6c-UdjtVciOGbZ7Q&oe=6431B942","fileLength":"31526","mediaKeyTimestamp":"1678396927","isAnimated":false,"stickerSentTs":"1678396927284","isAvatar":false}}},"banh":{"key":{"remoteJid":"6282210819939@s.whatsapp.net","fromMe":false,"id":"6BE90281CA807DB4B6DB174BE766CBBE"},"message":{"stickerMessage":{"url":"https://mmg.whatsapp.net/v/t62.15575-24/11729124_537997921737312_1840823018575423959_n.enc?ccb=11-4&oh=01_AdQLpgAF7ibs7JwdIMAntQOjfqfPbv6c-UdjtVciOGbZ7Q&oe=6431B942&mms3=true","fileSha256":"dUDQZ60GAJm1Z/IUvsmM2zs9ncRHwu1BNjBsSTw0t5k=","fileEncSha256":"axPGsEYMfh6tUjVXddj6WmeC1r5yYCi0w10HVt4VU+Q=","mediaKey":"Eu/d2TgHYBWa33Of9A4O3rn7t0NeVkZ3uuWJgTSLBGA=","mimetype":"image/webp","height":512,"width":512,"directPath":"/v/t62.15575-24/11729124_537997921737312_1840823018575423959_n.enc?ccb=11-4&oh=01_AdQLpgAF7ibs7JwdIMAntQOjfqfPbv6c-UdjtVciOGbZ7Q&oe=6431B942","fileLength":"31526","mediaKeyTimestamp":"1678396927","isAnimated":false,"stickerSentTs":"1678396927284","isAvatar":false}}},"wkwk":{"key":{"remoteJid":"6282210819939@s.whatsapp.net","fromMe":false,"id":"FB09FE59A48B0F33006273405919B5CD"},"message":{"stickerMessage":{"url":"https://mmg.whatsapp.net/v/t62.15575-24/23624246_2359629780881016_798383104954146731_n.enc?ccb=11-4&oh=01_AdR7n3MruBzW_RoMswsSSgwNteVEb8drCAXsLpFm-jfvzA&oe=6431C25F&mms3=true","fileSha256":"dog9R44+RP26si525ZBdv5AbDgL+4TUisEdZd5268Xs=","fileEncSha256":"ajCH/X23wcHgzKTjM7k0Q412jtd+ob2OO9qH9UxuT8o=","mediaKey":"SuuUBXa+jFCzn0knkBOAGDvKIyJWXpKbO+VuDJ4D5XU=","mimetype":"image/webp","height":512,"width":512,"directPath":"/v/t62.15575-24/23624246_2359629780881016_798383104954146731_n.enc?ccb=11-4&oh=01_AdR7n3MruBzW_RoMswsSSgwNteVEb8drCAXsLpFm-jfvzA&oe=6431C25F","fileLength":"15226","mediaKeyTimestamp":"1678396928","isAnimated":false,"stickerSentTs":"1678396928085","isAvatar":false}}},"awokawok":{"key":{"remoteJid":"6282210819939@s.whatsapp.net","fromMe":false,"id":"FB09FE59A48B0F33006273405919B5CD"},"message":{"stickerMessage":{"url":"https://mmg.whatsapp.net/v/t62.15575-24/23624246_2359629780881016_798383104954146731_n.enc?ccb=11-4&oh=01_AdR7n3MruBzW_RoMswsSSgwNteVEb8drCAXsLpFm-jfvzA&oe=6431C25F&mms3=true","fileSha256":"dog9R44+RP26si525ZBdv5AbDgL+4TUisEdZd5268Xs=","fileEncSha256":"ajCH/X23wcHgzKTjM7k0Q412jtd+ob2OO9qH9UxuT8o=","mediaKey":"SuuUBXa+jFCzn0knkBOAGDvKIyJWXpKbO+VuDJ4D5XU=","mimetype":"image/webp","height":512,"width":512,"directPath":"/v/t62.15575-24/23624246_2359629780881016_798383104954146731_n.enc?ccb=11-4&oh=01_AdR7n3MruBzW_RoMswsSSgwNteVEb8drCAXsLpFm-jfvzA&oe=6431C25F","fileLength":"15226","mediaKeyTimestamp":"1678396928","isAnimated":false,"stickerSentTs":"1678396928085","isAvatar":false}}},"wkwkwk":{"key":{"remoteJid":"6282210819939@s.whatsapp.net","fromMe":false,"id":"FB09FE59A48B0F33006273405919B5CD"},"message":{"stickerMessage":{"url":"https://mmg.whatsapp.net/v/t62.15575-24/23624246_2359629780881016_798383104954146731_n.enc?ccb=11-4&oh=01_AdR7n3MruBzW_RoMswsSSgwNteVEb8drCAXsLpFm-jfvzA&oe=6431C25F&mms3=true","fileSha256":"dog9R44+RP26si525ZBdv5AbDgL+4TUisEdZd5268Xs=","fileEncSha256":"ajCH/X23wcHgzKTjM7k0Q412jtd+ob2OO9qH9UxuT8o=","mediaKey":"SuuUBXa+jFCzn0knkBOAGDvKIyJWXpKbO+VuDJ4D5XU=","mimetype":"image/webp","height":512,"width":512,"directPath":"/v/t62.15575-24/23624246_2359629780881016_798383104954146731_n.enc?ccb=11-4&oh=01_AdR7n3MruBzW_RoMswsSSgwNteVEb8drCAXsLpFm-jfvzA&oe=6431C25F","fileLength":"15226","mediaKeyTimestamp":"1678396928","isAnimated":false,"stickerSentTs":"1678396928085","isAvatar":false}}},"duar":{"key":{"remoteJid":"120363048508827008@g.us","fromMe":true,"id":"BAE5FC27FAC55D7C"},"message":{"stickerMessage":{"url":"https://mmg.whatsapp.net/o1/v/t62.7118-24/f1/m231/up-oil-image-2cd26af8-38b4-41d0-8791-14578b6ec934?ccb=9-4&oh=01_AdSqKfmU7qqVp5MPtFVcRxyUqYXYSElLsu_Pmc43LkUUbA&oe=64469F1C&mms3=true","fileSha256":"na7osP2h/XNcisKmR0bgHRIH8vpOD1GqNO8nquLiOio=","fileEncSha256":"GWWDnYFA0ZOpL5HqAbSO+DovpO8okTughZqchiKlz3I=","mediaKey":"FvdbYs4eqxrj5n+9Uy1S6qJE89SLX07mruxpkUv6U/M=","mimetype":"image/webp","height":64,"width":64,"directPath":"/o1/v/t62.7118-24/f1/m231/up-oil-image-2cd26af8-38b4-41d0-8791-14578b6ec934?ccb=9-4&oh=01_AdSqKfmU7qqVp5MPtFVcRxyUqYXYSElLsu_Pmc43LkUUbA&oe=64469F1C","fileLength":"17166","mediaKeyTimestamp":"1679760425","isAnimated":false,"stickerSentTs":"1679760425000","isAvatar":false}},"participant":"6282172392004@s.whatsapp.net"}}